"note_id";"person_id";"visit_occurrence_id";"visit_detail_id";"provider_id";"note_event_id";"note_event_field_concept_id";"care_site_id";"note_date";"note_datetime";"note_type_concept_id";"note_type_source_value";"note_type_source_concept_id";"note_class_concept_id";"note_class_source_value";"note_class_source_concept_id";"note_title";"note_text";"note_status_concept_id";"note_status_source_value";"note_status_source_concept_id";"note_security_label_concept_id";"note_security_label_source_value";"note_security_label_source_concept_id";"encoding_concept_id";"language_concept_id";"row_status_concept_id";"row_status_source_value";"row_status_source_concept_id";"cdm_source"
"45884061996";"259566451";"45837550001";"";"";"";"";"8312052068";"2025-03-19";"2025-03-19T13:35:03.000+01:00";"";"";"";"";"CRH-HOSPI";"2001382506";"CRH service AVC MED INT HS POLE SPE MED - CHARCOT 5EME PAIR";"\"125, rue de Stalingrad Monsieur MOHAMMED CHIBANE
93000 BOBIGNY 
93330 NEUILLY SUR MARNE
Standard : 
http://chu93.aphp.fr INS non signé
BOBIGNY, le 19/03/2025
Références : BGI/AVI
COMPTE RENDU D'HOSPITALISATION du 17/03/2025 au 19/03/2025
MOTIF D'HOSPITALISATION
Monsieur  x, né le 00/00/00, âgé de x ans, a été hospitalisé du 17/03/2025
au 19/03/2025 pour endoscopies digestives.
Mode de sortie : Domicile
MODE DE VIE
Vit à x dans un pavillon, divorcé, n'a pas d'enfant , une soeur qui lui rend visite.
Ancien gérant d'institut de beauté.
Intoxications non sevrées : tabac (10 PA) , alcool ( 4 bières par jour), cocaïne (le week end)
Sorties régulières en soirées avec alcool tabac et cocaïne sniffée
ANTÉCÉDENTS
Antécédents médicaux :
Spondylarthrite ankylosante depuis les années 90 diagnostiquée en 2020 à x
MICI
Goutte
Antécédents chirurgicaux :
Coxite bilatérale destructrice, PTH en 2017 transfusion de 4 CGR suite à un AVP (refus depuis
plusieurs années de faire l'opération)
Accident de voiture en 1994, multiples lésions traumatiques
Appendicectomie dans l'enfance
Antécédents psychiatriques :
Syndrome dépressif depuis séparation avec son épouse et décès de sa mère
Phobie des hôpitaux depuis AVP
TRAITEMENT A L'ENTRÉE
ENTOCORT 3 mg : 2 gélules/j le matin
de votre Espace patient AP-HP https://mon.aphp.fr.
Pour plus d'informations sur le traitement de vos données personnelles et exercer vos droits, notamment d’opposition, rendez-vous sur https://www.aphp.fr/RGPD.
\"";"2002394099";"Validé, Imprimé, envoi électronique (à 0 dest.)";"2005215951";"0";"";"0";"";"";"2000953695";"Actif";"2004219908";"ORBIS"
"37018898272";"36787619008";"36802038284";"";"";"";"";"8312082471";"2024-01-31";"2024-01-31T07:59:27.000+01:00";"";"";"";"";"CRH-HOSPI";"2001382506";"CRH service AVC GASTRO-ENTEROLOGIE HC - LARREY B 1ER";"\"d Monsieur MATTEO CLOUET
20 x
Appt x
55 55 93440 x
INS non signé
BOBIGNY, le x
Références : x
.fr
03
COMPTE RENDU D'HOSPITALISATION du 21/01/2024 au 31/01/2024
05
lier
04 MOTIF D'HOSPITALISATION
Monsieur CLOUET Matteo, né le 20/03/2006, âgé de 17 ans et 10 mois, a été hospitalisé du
04
.fr 21/01/2024 au 31/01/2024 pour Poussée de maladie de Crohn.
er
04 Mode de sortie : Domicile
spitalier
MODE DE VIE
php.fr
Vit chez ses parents
03 Ne fume pas de tabac
Ne consomme pas d'alcool
TRAITEMENT A L'ENTRÉE
p.fr Traitement à l'entrée :
- Méthylprednisolone inj 60 mg le matin
- Levonox inj 4000UI le soir
- Spasfon inj
.f - Paracétamol
- Acupan
électronique disponible à l’adresse https://eds.aphp.fr/patient/vos- droits/opposition .
\"";"2002394099";"Validé, Impression intermédiaire, envoi électronique (à 0 dest.)";"2005215959";"0";"";"0";"";"";"2000953695";"Actif";"2004219908";"ORBIS"
